assembly_id,region_id,dbscan_label
GCF_000332235,GCF_000332235_02685,-1.0
GCF_000340785,GCF_000340785_01347,-1.0
GCF_000046845,GCF_000046845_01133,-1.0
GCF_000204075,GCF_000204075_01842,-1.0
GCF_000204075,GCF_000204075_00340,-1.0
GCF_000011385,GCF_000011385_04206,-1.0
GCF_000011385,GCF_000011385_00119,-1.0
GCF_001046875,GCF_001046875_00605,0.0
GCF_001046855,GCF_001046855_01620,0.0
GCF_009184895,GCF_009184895_02175,0.0
GCF_001050535,GCF_001050535_01443,0.0
GCF_009707485,GCF_009707485_00857,0.0
