region_id,count,dbscan_label,representative_relative_dissimilarity,cwc_id
GCF_000332235_02685,1,-1.0,0.0,0
GCF_000204075_01842,1,-1.0,0.8421052631578947,1
GCF_000340785_01347,1,-1.0,0.8888888888888888,2
GCF_000011385_00119,1,-1.0,1.0,3
GCF_000011385_04206,1,-1.0,1.0,4
GCF_000046845_01133,1,-1.0,1.0,5
GCF_000204075_00340,1,-1.0,1.0,6
